netpeak.net/ru/blog/;"""/frontend/web/img/close_order.svg""";"no alt";"no title"
netpeak.net/ru/blog/;"""/blog/img/netpeak/logo-blog-01.svg""";"""Netpeak Blog""";"""Netpeak Blog"""
netpeak.net/ru/blog/;"""/blog/img/netpeak/logo-blog-01.svg""";"""Netpeak Blog""";"""Netpeak Blog"""
netpeak.net/ru/blog/;"""/blog/img/netpeak/logo-blog-01.svg""";"""Netpeak Blog""";"""Netpeak Blog"""
netpeak.net/ru/blog/;"""/blog/img/social/fb-01.svg""";"""""";"no title"
netpeak.net/ru/blog/;"""/blog/img/social/fb-01.svg""";"""""";"no title"
netpeak.net/ru/blog/;"""/blog/img/social/tw-01.svg""";"""""";"no title"
netpeak.net/ru/blog/;"""/blog/img/social/tw-01.svg""";"""""";"no title"
netpeak.net/ru/blog/;"""/blog/img/social/in.svg""";"""""";"no title"
netpeak.net/ru/blog/;"""/blog/img/social/in.svg""";"""""";"no title"
netpeak.net/ru/blog/;"""/blog/img/netpeak/logo-blog-01.svg""";"""Netpeak Blog""";"""Netpeak Blog"""
netpeak.net/ru/blog/;"""/blog/img/netpeak/logo-blog-01.svg""";"""Netpeak Blog""";"""Netpeak Blog"""
netpeak.net/ru/blog/;"""/blog/img/netpeak/logo-blog-01.svg""";"""Netpeak Blog""";"""Netpeak Blog"""
netpeak.net/ru/blog/;"""https://images.netpeak.net/blog/3-days-2-1.gif""";"""Покупай билеты на 8P""";"no title"
netpeak.net/ru/blog/;"""https://images.netpeak.net/blog/3-days-2-1.gif""";"""Покупай билеты на 8P""";"no title"
netpeak.net/ru/blog/;"""https://images.netpeak.net/blog/3-days-2-1.gif""";"""Покупай билеты на 8P""";"no title"
netpeak.net/ru/blog/;"""https://images.netpeak.net/blog/3-days-2-1.gif""";"""Покупай билеты на 8P""";"no title"
netpeak.net/ru/blog/;"""/blog/img/flags/net.png""";"no alt";"no title"
netpeak.net/ru/blog/;"""/blog/img/flags/ukr.png""";"no alt";"no title"
netpeak.net/ru/blog/;"""/blog/img/flags/rus.png""";"no alt";"no title"
netpeak.net/ru/blog/;"""/blog/img/flags/kaz.png""";"no alt";"no title"
netpeak.net/ru/blog/;"""/blog/img/flags/bel.png""";"no alt";"no title"
netpeak.net/ru/blog/;"""/blog/img/flags/mol.png""";"no alt";"no title"
netpeak.net/netpeak.net/privacy/;"""https://images.netpeak.ua/logos/netpeak_blue_en.png""";"no alt";"no title"
netpeak.net;"""https://images.netpeak.ua/logos/netpeak_blue_en.svg""";"""Netpeak""";"""Netpeak - SEO and PPC for Business"""
netpeak.net;"""https://images.netpeak.ua/logos/netpeak_blue_en.svg""";"""Netpeak""";"""Netpeak - SEO and PPC for Business"""
netpeak.net;"""https://images.netpeak.ua/logos/netpeak_blue_en.svg""";"""Netpeak""";"""Netpeak - SEO and PPC for Business"""
netpeak.net;"""https://images.netpeak.net/certificates/google-analytics-technology-partner.png""";"""Netpeak — Google Analytics Technology Partner""";""""""
netpeak.net;"""https://images.netpeak.net/certificates/google-analytics-technology-partner.png""";"""Netpeak — Google Analytics Technology Partner""";""""""
netpeak.net;"""https://images.netpeak.net/certificates/google-analytics-technology-partner.png""";"""Netpeak — Google Analytics Technology Partner""";""""""
netpeak.net;"""https://images.netpeak.net/certificates/google-analytics-IQ.png""";"""Netpeak — agency with record number of certified specialists in Google Analytics""";""""""
netpeak.net;"""https://images.netpeak.net/certificates/google-analytics-IQ.png""";"""Netpeak — agency with record number of certified specialists in Google Analytics""";""""""
netpeak.net;"""https://images.netpeak.net/certificates/google-analytics-IQ.png""";"""Netpeak — agency with record number of certified specialists in Google Analytics""";""""""
netpeak.net;"""https://images.netpeak.net/certificates/bing.png""";"""Netpeak — Bing Accredited Professional company""";""""""
netpeak.net;"""https://images.netpeak.net/certificates/bing.png""";"""Netpeak — Bing Accredited Professional company""";""""""
netpeak.net;"""https://images.netpeak.net/certificates/bing.png""";"""Netpeak — Bing Accredited Professional company""";""""""
netpeak.net;"""img/arrow.svg?15122016""";"""Go to service""";"no title"
netpeak.net;"""img/arrow.svg?15122016""";"""Go to service""";"no title"
netpeak.net;"""img/arrow.svg?15122016""";"""Go to PPC""";"no title"
netpeak.net;"""img/arrow.svg?15122016""";"""Go to PPC""";"no title"
netpeak.net;"""https://cdn.netpeak.net/img/logos/ukraineibr-networkcom.png""";"no alt";"no title"
netpeak.net;"""https://cdn.netpeak.net/img/logos/med-classic.com.png""";"no alt";"no title"
netpeak.net;"""https://cdn.netpeak.net/img/logos/morpher.com.png""";"no alt";"no title"
netpeak.net;"""https://cdn.netpeak.net/img/logos/amadeus.net.jpg""";"no alt";"no title"
netpeak.net;"""https://cdn.netpeak.net/img/logos/abissoft.com.gif""";"no alt";"no title"
netpeak.net;"""https://cdn.netpeak.net/img/logos/quicksave.su.png""";"no alt";"no title"
netpeak.net;"""https://cdn.netpeak.net/img/logos/tripadvisor.ru_thumb.png""";"no alt";"no title"
netpeak.net;"""https://cdn.netpeak.net/img/logos/karcher.ua_thumb.png""";"no alt";"no title"
netpeak.net;"""https://cdn.netpeak.net/img/logos/yves-rocher.ua_thumb.jpg""";"no alt";"no title"
netpeak.net;"""https://cdn.netpeak.net/img/logos/doriusa.com_thumb.png""";"no alt";"no title"
netpeak.net;"""https://cdn.netpeak.net/img/logos/depositphotos.com_thumb.png""";"no alt";"no title"
netpeak.net;"""https://cdn.netpeak.net/img/logos/cup.li_thumb.png""";"no alt";"no title"
netpeak.net;"""https://images.netpeak.net/en/awards/1.png""";"no alt";"no title"
netpeak.net;"""https://images.netpeak.net/en/awards/2.png""";"no alt";"no title"
netpeak.net;"""https://images.netpeak.net/en/awards/3.png""";"no alt";"no title"
netpeak.net;"""https://images.netpeak.net/en/awards/4.png""";"no alt";"no title"
netpeak.net;"""https://images.netpeak.net/en/awards/5.png""";"no alt";"no title"
netpeak.net;"""https://images.netpeak.net/en/awards/6.png""";"no alt";"no title"
netpeak.net;"""https://images.netpeak.net/en/awards/7.png""";"no alt";"no title"
netpeak.net;"""https://images.netpeak.net/en/awards/8.png""";"no alt";"no title"
netpeak.net;"""https://images.netpeak.net/en/awards/9.png""";"no alt";"no title"
netpeak.net;"""https://images.netpeak.net/en/awards/1.png""";"no alt";"no title"
netpeak.net;"""https://images.netpeak.net/en/awards/2.png""";"no alt";"no title"
netpeak.net;"""https://images.netpeak.net/en/awards/3.png""";"no alt";"no title"
netpeak.net;"""https://images.netpeak.net/en/awards/4.png""";"no alt";"no title"
netpeak.net;"""https://images.netpeak.net/en/awards/5.png""";"no alt";"no title"
netpeak.net;"""https://images.netpeak.net/en/awards/6.png""";"no alt";"no title"
netpeak.net;"""https://images.netpeak.net/en/awards/7.png""";"no alt";"no title"
netpeak.net;"""https://images.netpeak.net/en/awards/8.png""";"no alt";"no title"
netpeak.net;"""https://images.netpeak.net/en/awards/9.png""";"no alt";"no title"
netpeak.net;"""https://images.netpeak.net/en/awards/1.png""";"no alt";"no title"
netpeak.net;"""https://images.netpeak.net/en/awards/2.png""";"no alt";"no title"
netpeak.net;"""https://images.netpeak.net/en/awards/3.png""";"no alt";"no title"
netpeak.net;"""https://images.netpeak.net/en/awards/4.png""";"no alt";"no title"
netpeak.net;"""https://images.netpeak.net/en/awards/5.png""";"no alt";"no title"
netpeak.net;"""https://images.netpeak.net/en/awards/6.png""";"no alt";"no title"
netpeak.net;"""https://images.netpeak.net/en/awards/7.png""";"no alt";"no title"
netpeak.net;"""https://images.netpeak.net/en/awards/8.png""";"no alt";"no title"
netpeak.net;"""https://images.netpeak.net/en/awards/9.png""";"no alt";"no title"
netpeak.net;"""https://images.netpeak.net/en/awards/1.png""";"no alt";"no title"
netpeak.net;"""https://images.netpeak.net/en/awards/2.png""";"no alt";"no title"
netpeak.net;"""https://images.netpeak.net/en/awards/3.png""";"no alt";"no title"
netpeak.net;"""https://images.netpeak.net/en/awards/4.png""";"no alt";"no title"
netpeak.net;"""https://images.netpeak.net/en/awards/5.png""";"no alt";"no title"
netpeak.net;"""https://images.netpeak.net/en/awards/6.png""";"no alt";"no title"
netpeak.net;"""https://images.netpeak.net/en/awards/7.png""";"no alt";"no title"
netpeak.net;"""https://images.netpeak.net/en/awards/8.png""";"no alt";"no title"
netpeak.net;"""https://images.netpeak.net/en/awards/9.png""";"no alt";"no title"
netpeak.net/netpeak.net/about/;"""https://images.netpeak.ua/logos/netpeak_blue_en.png""";"no alt";"no title"
netpeak.net/netpeak.net/services/;"""https://images.netpeak.ua/logos/netpeak_blue_en.png""";"no alt";"no title"
netpeak.net/netpeak.net/clients/;"""https://images.netpeak.ua/logos/netpeak_blue_en.png""";"no alt";"no title"
netpeak.net/netpeak.net/partners/;"""https://images.netpeak.ua/logos/netpeak_blue_en.png""";"no alt";"no title"
netpeak.net/netpeak.net/contacts/;"""https://images.netpeak.ua/logos/netpeak_blue_en.png""";"no alt";"no title"
netpeak.net/netpeak.net/blog/;"""https://images.netpeak.ua/logos/netpeak_blue_en.png""";"no alt";"no title"
netpeak.net/netpeak.net/;"""https://images.netpeak.ua/logos/netpeak_blue_en.png""";"no alt";"no title"
