pchel.net/;"""https://z9z7y6u7.stackpathcdn.com/assets/img/img1.png""";"""""";"no title"
pchel.net/;"""https://z9z7y6u7.stackpathcdn.com/assets/img/img1.png""";"""""";"no title"
pchel.net/;"""https://z9z7y6u7.stackpathcdn.com/assets/img/pchel2.svg""";"""""";"no title"
pchel.net/;"""https://z9z7y6u7.stackpathcdn.com/assets/img/pchel2.svg""";"""""";"no title"
pchel.net/;"""https://z9z7y6u7.stackpathcdn.com/assets/img/pchel5.svg""";"""""";"no title"
pchel.net/;"""https://z9z7y6u7.stackpathcdn.com/assets/img/pchel5.svg""";"""""";"no title"
pchel.net/;"""https://z9z7y6u7.stackpathcdn.com/assets/img/pchel4.svg""";"""""";"no title"
pchel.net/;"""https://z9z7y6u7.stackpathcdn.com/assets/img/pchel4.svg""";"""""";"no title"
pchel.net/;"""https://z9z7y6u7.stackpathcdn.com/assets/img/pchel1.svg""";"""""";"no title"
pchel.net/;"""https://z9z7y6u7.stackpathcdn.com/assets/img/pchel1.svg""";"""""";"no title"
pchel.net/;"""https://z9z7y6u7.stackpathcdn.com/assets/img/pchel10.svg""";"""""";"no title"
pchel.net/;"""https://z9z7y6u7.stackpathcdn.com/assets/img/pchel10.svg""";"""""";"no title"
pchel.net/;"""https://z9z7y6u7.stackpathcdn.com/assets/img/pchel8.svg""";"""""";"no title"
pchel.net/;"""https://z9z7y6u7.stackpathcdn.com/assets/img/pchel8.svg""";"""""";"no title"
pchel.net/;"""https://z9z7y6u7.stackpathcdn.com/assets/img/pchel9.svg""";"""""";"no title"
pchel.net/;"""https://z9z7y6u7.stackpathcdn.com/assets/img/pchel9.svg""";"""""";"no title"
pchel.net/;"""https://z9z7y6u7.stackpathcdn.com/assets/img/pchel3.svg""";"""""";"no title"
pchel.net/;"""https://z9z7y6u7.stackpathcdn.com/assets/img/pchel3.svg""";"""""";"no title"
pchel.net/;"""https://z9z7y6u7.stackpathcdn.com/assets/img/img2.png""";"""""";"no title"
pchel.net/;"""https://z9z7y6u7.stackpathcdn.com/assets/img/img2.png""";"""""";"no title"
pchel.net/;"""https://z9z7y6u7.stackpathcdn.com/assets/svg/logo.svg?ver1.2""";"""Сайт поиска работы Pchel.net""";"no title"
pchel.net/;"""https://z9z7y6u7.stackpathcdn.com/assets/svg/logo.svg?ver1.2""";"""Сайт поиска работы Pchel.net""";"no title"
pchel.net/;"""https://z9z7y6u7.stackpathcdn.com/assets/img/logow.png?ver1.0""";"""footer logo""";"no title"
pchel.net/;"""https://z9z7y6u7.stackpathcdn.com/assets/img/logow.png?ver1.0""";"""footer logo""";"no title"
pchel.net;"""https://z9z7y6u7.stackpathcdn.com/assets/img/img1.png""";"""""";"no title"
pchel.net;"""https://z9z7y6u7.stackpathcdn.com/assets/img/img1.png""";"""""";"no title"
pchel.net;"""https://z9z7y6u7.stackpathcdn.com/assets/img/pchel2.svg""";"""""";"no title"
pchel.net;"""https://z9z7y6u7.stackpathcdn.com/assets/img/pchel2.svg""";"""""";"no title"
pchel.net;"""https://z9z7y6u7.stackpathcdn.com/assets/img/pchel5.svg""";"""""";"no title"
pchel.net;"""https://z9z7y6u7.stackpathcdn.com/assets/img/pchel5.svg""";"""""";"no title"
pchel.net;"""https://z9z7y6u7.stackpathcdn.com/assets/img/pchel4.svg""";"""""";"no title"
pchel.net;"""https://z9z7y6u7.stackpathcdn.com/assets/img/pchel4.svg""";"""""";"no title"
pchel.net;"""https://z9z7y6u7.stackpathcdn.com/assets/img/pchel1.svg""";"""""";"no title"
pchel.net;"""https://z9z7y6u7.stackpathcdn.com/assets/img/pchel1.svg""";"""""";"no title"
pchel.net;"""https://z9z7y6u7.stackpathcdn.com/assets/img/pchel10.svg""";"""""";"no title"
pchel.net;"""https://z9z7y6u7.stackpathcdn.com/assets/img/pchel10.svg""";"""""";"no title"
pchel.net;"""https://z9z7y6u7.stackpathcdn.com/assets/img/pchel8.svg""";"""""";"no title"
pchel.net;"""https://z9z7y6u7.stackpathcdn.com/assets/img/pchel8.svg""";"""""";"no title"
pchel.net;"""https://z9z7y6u7.stackpathcdn.com/assets/img/pchel9.svg""";"""""";"no title"
pchel.net;"""https://z9z7y6u7.stackpathcdn.com/assets/img/pchel9.svg""";"""""";"no title"
pchel.net;"""https://z9z7y6u7.stackpathcdn.com/assets/img/pchel3.svg""";"""""";"no title"
pchel.net;"""https://z9z7y6u7.stackpathcdn.com/assets/img/pchel3.svg""";"""""";"no title"
pchel.net;"""https://z9z7y6u7.stackpathcdn.com/assets/img/img2.png""";"""""";"no title"
pchel.net;"""https://z9z7y6u7.stackpathcdn.com/assets/img/img2.png""";"""""";"no title"
pchel.net;"""https://z9z7y6u7.stackpathcdn.com/assets/svg/logo.svg?ver1.2""";"""Сайт поиска работы Pchel.net""";"no title"
pchel.net;"""https://z9z7y6u7.stackpathcdn.com/assets/svg/logo.svg?ver1.2""";"""Сайт поиска работы Pchel.net""";"no title"
pchel.net;"""https://z9z7y6u7.stackpathcdn.com/assets/img/logow.png?ver1.0""";"""footer logo""";"no title"
pchel.net;"""https://z9z7y6u7.stackpathcdn.com/assets/img/logow.png?ver1.0""";"""footer logo""";"no title"
